state_id,state,district_id,district,village_id,village_name,hhid,household_latitude,household_longitude,age,birthyy,birthyy_99,household_count,age_mem1,sex_mem1,rel_mem1,std_mem1,pass_mem1,age_mem2,sex_mem2,rel_mem2,std_mem2,pass_mem2,age_mem3,sex_mem3,rel_mem3,std_mem3,pass_mem3,minc_farm,minc_labor,minc_govt,finc_farm,finc_labor,finc_govt,own_land,land_hectare,land_acre,livestock,anml_cow,anml_sheep_goat,rooms,fuel_wood,fuel_elect,tap,toilet,fac_mobile,fac_television,starttime,duration,endtime,submissiondate,KEY,team_id,enum_id,enum_name
AN,Anantapur,AN001,Anantapur,AN001,Atmakur,AN001-001,14.607573,77.362968,25,,99,5,25,Female,Respondent,Standard 7,Yes,30,Male,Husband or wife,Never been in school,Not applicable,6,Male,Son or daughter,Anganwadi,Not applicable,1,1,,1,1,,No,1,1,Yes,1,1,2,1,1,1,Yes,1,1,01sep2025 15:49:53,3823,01sep2025 17:29:00,01sep2025 19:47:53,uuid:7fo4ix37-753i-870m-63o0-i05832mg239f,1,12,Manas Butala
AN,Anantapur,AN001,Anantapur,AN001,Atmakur,AN001-002,14.604826,77.386276,35,,99,9,35,Female,Respondent,Never been in school,Not applicable,40,Male,Husband or wife,Standard 5,Yes,18,Male,Son or daughter,Standard 12,No,1,1,1,1,1,,No,,1,Yes,,1,4,1,1,1,Yes,1,1,11jul2025 08:14:11,5511,11jul2025 10:34:41,11jul2025 12:10:10,uuid:0mw0dj16-331k-556f-97f2-u66098id544b,1,15,Isha Borah
AN,Anantapur,AN001,Anantapur,AN001,Atmakur,AN001-003,14.652609,77.379631,50,,99,7,50,Female,Respondent,Never been in school,Not applicable,56,Male,Husband or wife,Standard 5,Yes,12,Female,Son or daughter,Standard 3,No,1,,,1,,,Yes,,1,Yes,1,,6,1,,1,Yes,1,1,04jul2025 15:09:00,6789,04jul2025 17:32:30,04jul2025 19:06:03,uuid:3sh6cd26-717o-813b-15p9-t29004nt767e,1,14,Shanta More
AN,Anantapur,AN001,Anantapur,AN001,Atmakur,AN001-014,14.624267,77.391739,,,,0,,,,,,,,,,,,,,,,,,,,,,,,,,,,,,,,,,,,,,,,,,,,05jul2025 16:22:41,5994,05jul2025 18:13:36,05jul2025 19:57:05,uuid:5wx0oi52-651a-180y-35x3-x07753jm557g,1,14,Shanta More
AN,Anantapur,AN001,Anantapur,AN001,Atmakur,AN001-005,14.639421,77.343613,36,,99,5,36,Female,Respondent,Never been in school,Not applicable,40,Male,Husband or wife,Standard 5,Yes,11,Female,Son or daughter,Standard 5,Yes,1,1,1,1,1,1,No,,,Yes,1,1,2,1,,1,Yes,1,,05aug2025 15:57:41,5287,05aug2025 17:59:15,05aug2025 18:56:31,uuid:3zb6he96-800y-476x-86s8-s12410ye422g,1,15,Isha Borah
AN,Anantapur,AN001,Anantapur,AN001,Atmakur,AN001-006,14.591739,77.350624,30,,99,8,30,Female,Respondent,Never been in school,Not applicable,70,Female,Father-in-law or mother-in-law,Never been in school,Not applicable,35,Male,Husband or wife,Standard 8,Yes,,1,,1,,No,,,Yes,1,1,2,1,,1,Yes,1,,15jul2025 08:30:02,3542,15jul2025 09:51:36,15jul2025 12:57:53,uuid:6du5ca93-897l-392x-71d1-t58272fl689k,1,12,Manas Butala
AN,Anantapur,AN001,Anantapur,AN001,Atmakur,AN001-007,14.591335,77.320206,40,,99,10,40,Female,Respondent,Never been in school,Not applicable,60,Male,Husband or wife,Never been in school,Not applicable,18,Female,Son or daughter,Standard 5,Yes,,1,,1,,No,,,Yes,,,3,1,,1,No,1,,31jul2025 10:20:50,2043,31jul2025 11:10:31,31jul2025 15:05:22,uuid:4di3jm01-317i-693w-60e6-m23131me966g,1,12,Manas Butala
AN,Anantapur,AN001,Anantapur,AN001,Atmakur,AN001-008,14.600046,77.314507,70,1942,,6,50,Female,Respondent,Standard 5,No,70,Male,Respondent,Standard 7,Yes,24,Male,Son or daughter,Standard 6,Yes,1,,,1,,,Yes,,,Yes,1,1,4,1,1,1,Yes,1,1,18aug2025 16:09:41,2053,18aug2025 17:01:43,18aug2025 17:38:46,uuid:3ys9fh80-065y-852o-77p9-t22851qw659q,1,13,Kanti Kunda
AN,Anantapur,AN001,Anantapur,AN001,Atmakur,AN001-009,14.579828,77.355576,35,,99,7,35,Female,Respondent,Never been in school,Not applicable,40,Male,Husband or wife,Never been in school,Not applicable,,,,,,14,Female,Son or daughter,Standard 5,Yes,,1,,,1,No,,,No,,,3,1,,1,Yes,1,,20aug2025 10:16:01,4219,20aug2025 12:06:01,20aug2025 12:41:22,uuid:7gx5dt48-199r-302s-57w0-o91811ky509b,1,15,Isha Borah
AN,Anantapur,AN001,Anantapur,AN001,Atmakur,AN001-010,14.615786,77.338326,26,,99,5,26,Female,Respondent,Madrassa (no fixed standards),Not applicable,30,Male,Husband or wife,Standard 9,Yes,6,Female,Son or daughter,Anganwadi,Not applicable,,,,1,,No,1,,No,,,1,1,,1,Yes,1,,09sep2025 11:27:32,6661,09sep2025 13:47:24,09sep2025 18:31:30,uuid:2tg8eq11-594r-106m-37i8-q21058jw126l,1,15,Isha Borah
UP,Uttar Pradesh,UP018,Allahabad,UP018,Holagarh,UP018-031,25.123456,82.987654,45,1978,78,7,45,Female,Respondent,Standard 8,Yes,48,Male,Husband or wife,Standard 10,Yes,20,Male,Son or daughter,Standard 12,Yes,,1,,1,,Yes,2,1,Yes,1,1,5,1,1,1,Yes,1,1,02aug2025 14:35:11,4316,02aug2025 15:27:58,02aug2025 18:45:12,uuid:5ie5pi85-130i-372i-12o5-y02612su143k,4,46,Rohit Kumar
GJ,Gujarat,GJ047,Banaskantha,GJ047,Deesa,GJ047-006,23.456789,71.234567,61,1962,62,6,61,Male,Respondent,Standard 5,Yes,58,Female,Husband or wife,Never been in school,Not applicable,35,Male,Son or daughter,Graduated,Yes,1,1,1,1,1,1,Yes,,,Yes,1,1,6,,1,1,Yes,1,1,13aug2025 11:01:03,5937,13aug2025 12:56:21,13aug2025 16:33:45,uuid:8tp6pf85-928c-834t-16f0-g13614ux693g,2,26,Arjun Patel